"Bug ID","Product","Component","Assignee","Status","Resolution","Summary","Changed"
4834,"jbatch","SPEC","cvignola","NEW","---","SPEC - JobExecution handed to JobOperator client ""by reference"" or ""by value""?","2015-10-01 13:47:33"
5075,"jbatch","SPEC","ScottKurz","NEW","---","Injecting JobOperator","2015-10-01 13:47:31"
5382,"jbatch","SPEC","ScottKurz","NEW","---","Support common java types in @BatchProperty injection","2015-10-08 13:54:02"
5383,"jbatch","SPEC","ScottKurz","NEW","---","Support @PostConstruct and @PreDestroy callbacks in batch artifacts","2016-03-24 14:39:42"
5386,"jbatch","SPEC","ScottKurz","NEW","---","Consider allowing decision as first execution element within job.","2015-10-01 13:47:32"
5416,"jbatch","SPEC","ScottKurz","NEW","---","Require artifact loading via CDI when CDI is ""available"" (beans.xml is present)?","2015-10-01 13:47:32"
5432,"jbatch","SPEC","ScottKurz","NEW","---","Add getException method to StepExecution interface","2015-10-01 13:47:31"
5502,"jbatch","SPEC","ScottKurz","NEW","---","Metrics across retry","2015-10-01 13:47:31"
5515,"jbatch","SPEC","ScottKurz","NEW","---","Address propagation of contexts (JNDI, classloader?) across threads, in EE","2015-10-01 13:47:30"
5701,"jbatch","SPEC","ScottKurz","NEW","---","Support @BatchProperty injection on method, not just field","2015-10-01 13:47:32"
5728,"jbatch","SPEC","ScottKurz","NEW","---","Section 11 threading requirements for Job's and Step's should be relaxed","2015-10-01 13:47:30"
5760,"jbatch","SPEC","ScottKurz","NEW","---","Spec should clarify that reader/write close() get called after exceptions","2016-06-20 20:47:36"
5776,"jbatch","SPEC","ScottKurz","NEW","---","Support StepContext.getJobContext() method","2015-10-01 13:47:29"
5779,"jbatch","SPEC","ScottKurz","NEW","---","Clarify that on restart the ""defaults"" for the ""restartParameters"" java.util.Properties object should be used (i.e. that a getProperty is done)","2015-10-06 18:09:10"
5926,"jbatch","SPEC","ScottKurz","NEW","---","add attribute to job xml partition element to enable distributed/clustered execution","2016-01-13 21:29:48"
6234,"jbatch","SPEC","ScottKurz","NEW","---","Add @Documented meta-annotation to BatchProperty definition","2014-07-14 20:56:38"
6288,"jbatch","SPEC","ScottKurz","NEW","---","Consider a beforeStep/afterStep-equivalent that runs on a partition thread.","2016-03-30 15:14:36"
6356,"jbatch","SPEC","ScottKurz","NEW","---","PartitionAnalyzer transaction boundary on partitioned chunk (and batchlet) step need clarification","2015-12-10 14:06:31"
6427,"jbatch","SPEC","ScottKurz","NEW","---","Exception on analyzer thread leaves partitions executing while failing job, causing an immediate job restart to fail.","2015-09-03 16:17:25"
6456,"jbatch","SPEC","ScottKurz","NEW","---","Spec says that writer should be closed before reader.  RI does things in reverse.","2016-03-10 22:15:07"
6457,"jbatch","SPEC","ScottKurz","NEW","---","On retry with rollback, we only want to process the most recent chunk with item-size = 1, even with custom checkpoint algorithm","2015-01-05 19:31:41"
6458,"jbatch","SPEC","ScottKurz","NEW","---","Should ItemReadListener get called after readItem() return null?","2014-10-22 20:16:58"
6473,"jbatch","SPEC","ScottKurz","NEW","---","AbstractItemWriteListener missing from spec.","2014-10-21 19:20:09"
6490,"jbatch","SPEC","ScottKurz","NEW","---","Add an API to get StepExecution for individual partitions","2016-02-09 15:13:07"
6509,"jbatch","SPEC","ScottKurz","NEW","---","item-count text mentions ""number of items processed"" when EG had decided on ""number of items read""","2014-11-09 21:21:51"
6511,"jbatch","SPEC","ScottKurz","NEW","---","improve working on 'skippable' and 'retryable' exceptions","2014-11-10 17:41:58"
6512,"jbatch","SPEC","ScottKurz","NEW","---","Clarify if READ_RETRY_COUNT and onReadError (and corresponding for skip) get called on error in #checkpointInfo","2014-11-10 17:46:56"
6581,"jbatch","SPEC","ScottKurz","NEW","---","Suppot script languages in certain batch artifacts","2015-09-02 16:45:02"
6587,"jbatch","SPEC","ScottKurz","NEW","---","Consider clarifying when ChunkListener#onError() is called","2015-10-19 20:23:43"
6702,"jbatch","SPEC","ScottKurz","NEW","---","skip and retry for exceptions from chunk listeners","2016-03-24 14:43:25"
6703,"jbatch","SPEC","ScottKurz","NEW","---","To clarify the behavior after skip-limit and retry-limit are exceeded","2015-02-03 18:24:05"
6790,"jbatch","SPEC","ScottKurz","NEW","---","JavaDoc clarification for JobExecution getStartTime() and getEndTime() return values","2015-09-03 16:18:23"
6796,"jbatch","SPEC","ScottKurz","NEW","---","@BatchProperty injection should keep field default value in case of no matching batch property","2015-09-01 21:23:35"
6825,"jbatch","SPEC","ScottKurz","NEW","---","Step failed with <fail> element not restartable","2016-02-10 17:01:35"
6828,"jbatch","SPEC","ScottKurz","NEW","---","Change the words ""SkipListener"" and ""RetryListener"" to specific listener names","2015-03-19 17:37:40"
6975,"jbatch","SPEC","ScottKurz","NEW","---","Clarify timepoint and status of job when JobListener#afterJob() is called","2015-05-05 19:26:56"
7282,"jbatch","SPEC","ScottKurz","NEW","---","Do we want to update XSD ?","2015-09-22 15:21:51"
7284,"jbatch","SPEC","ScottKurz","NEW","---","Standardize waiting/blocking for job termination","2015-09-05 09:11:58"
7288,"jbatch","SPEC","ScottKurz","NEW","---","Define custom CDI scopes for batch (@StepScoped, @JobScoped), possibly @ChunkScoped along with initialized/destroyed events","2016-03-24 16:17:38"
7289,"jbatch","SPEC","ScottKurz","NEW","---","Implicit conversion in chunk steps","2015-09-05 09:23:40"
7290,"jbatch","SPEC","ScottKurz","NEW","---","parallel processing for processors","2015-09-05 09:30:49"
7291,"jbatch","SPEC","ScottKurz","NEW","---","Bean Validation integration","2015-10-06 21:26:18"
7295,"jbatch","SPEC","ScottKurz","NEW","---","typed ItemWriter, ItemReader, ItemProcessor, etc","2016-03-25 19:17:33"
7318,"jbatch","SPEC","ScottKurz","NEW","---","Provider JobOperator-related DTOs","2015-09-23 19:21:06"
7337,"jbatch","SPEC","ScottKurz","NEW","---","Allow override on JSL-defined <plan> (in addition to mapper-constructed plan)","2015-10-06 18:03:17"
7338,"jbatch","SPEC","ScottKurz","NEW","---","JobOperator called from within existing global transaction","2015-10-06 21:10:24"
7342,"jbatch","SPEC","ScottKurz","NEW","---","Clarify that analyzer calls from collector are in-order (per partition)","2015-10-08 15:54:10"
7350,"jbatch","SPEC","ScottKurz","NEW","---","Consider adding onError to Batchlet","2016-04-22 18:11:39"
7361,"jbatch","SPEC","ScottKurz","NEW","---","Provide a stop() call for chunk steps","2015-10-22 18:25:40"
7368,"jbatch","SPEC","ScottKurz","NEW","---","add javax.batch.operations.JobOperator#getJobExecutions(long)","2016-03-23 17:23:46"
7374,"jbatch","SPEC","ScottKurz","NEW","---","Give app (ChunkListener?) control at end of chunk step, but before close()","2015-11-02 14:46:03"
7375,"jbatch","SPEC","ScottKurz","NEW","---","Facilitate chunk artifacts' awareness that they're in retry-with-rollback processing","2015-11-04 15:48:53"
7473,"jbatch","SPEC","ScottKurz","NEW","---","provide API for determining whether or not current execution, or given execution is a restart","2016-01-11 15:32:23"
7474,"jbatch","SPEC","ScottKurz","NEW","---","Provide API to flush persistent user data (esp. for batchlet)","2016-02-07 16:24:15"
7475,"jbatch","SPEC","ScottKurz","NEW","---","Provide ability to set property with output of some earlier portion of the execution.","2016-01-12 17:10:22"
7479,"jbatch","SPEC","ScottKurz","NEW","---","Disallow certain characters in job, step, flow, split & decision id string values","2016-01-12 18:28:33"
7647,"jbatch","SPEC","ScottKurz","NEW","---","NoSuchJobException vs. 0/empty results on getRunningExecutions() etc.","2016-04-25 15:52:30"
7656,"jbatch","SPEC","ScottKurz","NEW","---","Add a progress API","2016-05-03 06:21:24"
7684,"jbatch","SPEC","ScottKurz","NEW","---","Provide capability to avoid having a global transaction around open and close","2016-05-25 20:45:26"
112710,"jbatch","SPEC","ScottKurz","NEW","---","Clarify step exit status from batchlet process method return value and StepContext.setExitStatus","2016-09-14 15:00:35"
4798,"jbatch","SPEC","cvignola","ASSIGNED","---","SPEC - document concurrency and thread-safetyness requirement in JobOperator","2015-10-01 13:47:30"
4739,"jbatch","SPEC","ScottKurz","ASSIGNED","---","SPEC - JSL does not refer to the interfaces required","2015-10-01 13:47:31"
4518,"jbatch","source","cvignola","RESOLVED","WONTFIX","Both ItemReader and ItemWriter should extend AutoCloseable","2013-01-24 23:47:12"
6105,"jbatch","source","ScottKurz","RESOLVED","FIXED","Couldn't run ""mvn clean install"" on JSR352.API direcotyr","2015-05-22 13:59:17"
6680,"jbatch","RI","ScottKurz","RESOLVED","FIXED","jbatch RI doesn't work with Oracle Database","2015-05-22 13:41:59"
7481,"jbatch","RI","ScottKurz","RESOLVED","MOVED","The BatchUtils doesn't purge data in all tables","2016-01-14 15:11:07"
4589,"jbatch","source","cvignola","RESOLVED","INVALID","Wrong license header in all Spec (API) files and License.txt","2013-02-22 20:56:31"
4171,"jbatch","source","cvignola","RESOLVED","FIXED","ChunkContext is missing","2013-02-05 20:09:24"
4174,"jbatch","source","cvignola","RESOLVED","FIXED","Missing XSD for batch.xml","2013-02-22 17:35:39"
4284,"jbatch","source","cvignola","RESOLVED","FIXED","Do we need skip/retry or at least callback w/ exception for error on chunk commit?","2013-02-05 22:18:50"
4294,"jbatch","source","cvignola","RESOLVED","FIXED","Batch status should be an enum","2013-01-17 14:39:19"
4520,"jbatch","source","cvignola","RESOLVED","WORKSFORME","Exit status wildcards","2013-01-17 14:40:44"
4523,"jbatch","source","cvignola","RESOLVED","FIXED","Spec coding conventions","2013-01-25 18:04:02"
4524,"jbatch","source","cvignola","RESOLVED","FIXED","JobInstance definition clarification","2013-01-24 00:14:03"
4525,"jbatch","source","cvignola","RESOLVED","FIXED","JobInstance completion clarification","2013-01-24 19:24:42"
4526,"jbatch","source","cvignola","RESOLVED","FIXED","Step's next attribute clarification","2013-01-25 00:03:44"
4527,"jbatch","source","cvignola","RESOLVED","FIXED","Missing reference","2013-01-23 22:28:02"
4528,"jbatch","source","cvignola","RESOLVED","FIXED","Document abstract class methods are ""default"" not ""optional""","2013-01-24 22:44:19"
4529,"jbatch","source","cvignola","RESOLVED","FIXED","Confusing description for checkpointing","2013-01-24 01:46:10"
4530,"jbatch","source","cvignola","RESOLVED","FIXED","item-count is confusing","2013-01-23 21:30:21"
4531,"jbatch","source","cvignola","RESOLVED","WORKSFORME","remove time-limit from chunk configuration","2013-01-24 20:18:10"
4532,"jbatch","source","cvignola","RESOLVED","FIXED","buffer-items should be about reading and not writing","2013-02-01 23:23:26"
4533,"jbatch","source","cvignola","RESOLVED","FIXED","Fix Javadoc for getStepExecutions","2013-01-25 18:49:40"
4534,"jbatch","source","cvignola","RESOLVED","WORKSFORME","What is the purpose of the save-as attribute on a property?","2013-01-24 20:30:11"
4535,"jbatch","source","cvignola","RESOLVED","FIXED","next element should not allow looping (5.2.5)","2013-01-23 22:12:22"
4536,"jbatch","source","cvignola","RESOLVED","WORKSFORME","PartitionReducer seems redundant","2013-02-01 23:51:36"
4537,"jbatch","source","cvignola","RESOLVED","MOVED","How are flows identified within a split?","2013-02-02 01:19:19"
4538,"jbatch","source","cvignola","RESOLVED","FIXED","Double period at end of bullet.","2013-01-24 01:56:36"
4539,"jbatch","source","cvignola","RESOLVED","FIXED","Exit Status verbiage misleading","2013-01-23 23:22:08"
4540,"jbatch","source","cvignola","RESOLVED","FIXED","Batch and Exit status for splits","2013-01-23 21:25:09"
4541,"jbatch","source","cvignola","RESOLVED","FIXED","Incomplete sentence in 5.8","2013-02-04 20:03:26"
4542,"jbatch","source","cvignola","RESOLVED","FIXED","Merge examples of merge=false would be helpful","2013-01-25 18:36:44"
4543,"jbatch","source","cvignola","RESOLVED","WORKSFORME","checkpointInfo should take a context of some kind","2013-02-02 01:22:40"
4544,"jbatch","source","cvignola","RESOLVED","FIXED","Syntax highlighting missing for AbstractItemWriter","2013-01-25 17:52:47"
4545,"jbatch","source","cvignola","RESOLVED","FIXED","Not all listener methods define their transactional scope","2013-01-23 19:59:30"
4546,"jbatch","source","cvignola","RESOLVED","WORKSFORME","Passing the BatchContext where apropriate instead of relying solely on injection","2013-02-02 00:16:03"
4547,"jbatch","source","cvignola","RESOLVED","FIXED","ChunkListener execution is not clear via the description (6.2.3)","2013-01-23 20:23:15"
4548,"jbatch","source","cvignola","RESOLVED","DUPLICATE","Add onError to ChunkListener","2013-02-04 23:26:24"
4549,"jbatch","source","cvignola","RESOLVED","WORKSFORME","Listener Error method naming consistency","2013-02-04 23:13:34"
4550,"jbatch","source","cvignola","RESOLVED","FIXED","Odd highlighting in the syntax highlighting","2013-01-24 01:59:03"
4551,"jbatch","source","cvignola","RESOLVED","WORKSFORME","Parameter scoping","2013-01-18 20:03:41"
4552,"jbatch","source","cvignola","RESOLVED","FIXED","Mention examples of implementation-specific loaders","2013-01-25 18:19:13"
4553,"jbatch","source","cvignola","RESOLVED","WORKSFORME","Functionality for instance creation using batch.xml","2013-01-24 23:12:12"
4554,"jbatch","source","cvignola","RESOLVED","WORKSFORME","Passing data around during a batch run and BatchContext's transient data","2013-03-01 18:50:03"
4555,"jbatch","source","cvignola","RESOLVED","FIXED","Remove FlowContext interface","2013-01-23 22:09:55"
4556,"jbatch","source","cvignola","RESOLVED","INVALID","Syntax highlighting for SplitContext (7.8.5)","2013-02-28 01:27:44"
4557,"jbatch","source","cvignola","RESOLVED","FIXED","Is SplitContext necessary?","2013-02-27 21:14:20"
4558,"jbatch","source","cvignola","RESOLVED","FIXED","Using getter/setter standards for PartitionPlan (7.8.8)","2013-01-18 17:35:22"
4559,"jbatch","source","cvignola","RESOLVED","WORKSFORME","How does JobOperator#getJobNames() work?","2014-05-11 07:24:15"
4560,"jbatch","source","cvignola","RESOLVED","FIXED","JobOperator#getRunningInstances is confusing.","2013-03-01 18:00:24"
4561,"jbatch","source","cvignola","RESOLVED","DUPLICATE","Parameters apply to a JobExecution","2013-01-23 18:57:45"
4562,"jbatch","source","cvignola","RESOLVED","FIXED","JobParameters on restart","2013-02-14 18:51:02"
4563,"jbatch","source","cvignola","RESOLVED","FIXED","A JobExecution should be abandoned, not a JobInstance","2013-02-14 18:47:07"
4564,"jbatch","source","cvignola","RESOLVED","FIXED","Clarify exception definition","2013-01-23 23:47:58"
4565,"jbatch","SPEC","cvignola","RESOLVED","WONTFIX","SPEC Use diagrams instead of text based flows","2015-09-03 14:30:58"
4566,"jbatch","source","cvignola","RESOLVED","FIXED","Batchlet partitioning should be removed","2013-02-27 21:10:28"
4567,"jbatch","source","cvignola","RESOLVED","WORKSFORME","Open and Close are executed in their own transaction?","2013-01-28 22:51:28"
4568,"jbatch","source","cvignola","RESOLVED","FIXED","SplitCollector and SplitAnalyzer should be removed","2013-01-18 17:31:33"
4569,"jbatch","source","cvignola","RESOLVED","FIXED","Note that stopping a job is a request","2013-01-23 20:34:50"
4570,"jbatch","source","cvignola","RESOLVED","FIXED","Remove @BatchContext","2013-01-18 19:14:51"
4571,"jbatch","source","cvignola","RESOLVED","FIXED","Delete getExecutions method (redundant)","2013-01-18 19:39:32"
4575,"jbatch","source","cvignola","RESOLVED","FIXED","Spec should say to use TCCL for artifact loading rather than System CL (SE) or EE CL","2013-01-25 18:46:48"
4578,"jbatch","source","cvignola","RESOLVED","FIXED","JobOperator.getJobInstances()  ordering?  zero-based vs. one-based","2013-01-28 18:56:29"
4579,"jbatch","source","cvignola","RESOLVED","INVALID","Should we say anything about resolution of systemProperties value","2013-02-04 22:14:43"
4582,"jbatch","source","cvignola","RESOLVED","FIXED","Property default value expression may not contain default value expression","2013-01-26 20:05:53"
4586,"jbatch","source","cvignola","RESOLVED","FIXED","Removing Language of EE in Lifecycle flows","2013-01-24 20:26:24"
4590,"jbatch","source","cvignola","RESOLVED","FIXED","Minor wording suggestion on 'filter' from process returning 'null'","2013-01-28 19:12:23"
4596,"jbatch","source","cvignola","RESOLVED","FIXED","2 Introduction to JSR 352 should go on next page","2013-01-31 19:36:25"
4597,"jbatch","source","cvignola","RESOLVED","FIXED","4 Domain Language of Batch - ItemProcessor is optional","2013-01-31 19:43:39"
4598,"jbatch","source","cvignola","RESOLVED","FIXED","4.1.1 JobInstance parenthesized sentence","2013-01-31 19:55:16"
4599,"jbatch","source","cvignola","RESOLVED","FIXED","4.1.2 JobParameters","2013-01-31 20:50:45"
4600,"jbatch","source","cvignola","RESOLVED","FIXED","4.2 Step","2013-02-01 20:27:12"
4601,"jbatch","source","cvignola","RESOLVED","FIXED","4.5 - 4.7 Inconsistent use of interface name casing","2013-02-01 22:33:07"
4602,"jbatch","source","cvignola","RESOLVED","FIXED","5.1.3 Job Level Properties","2013-02-01 22:44:12"
4603,"jbatch","source","cvignola","RESOLVED","FIXED","5.2.1.4 Chunk Exception Handling incomplete sentence","2013-02-01 22:50:46"
4604,"jbatch","source","cvignola","RESOLVED","FIXED","5.2.3 Step Level Properties","2013-02-01 22:58:44"
4605,"jbatch","source","cvignola","RESOLVED","FIXED","5.2.4.1 Step Level Listener Properties","2013-01-31 18:39:23"
4606,"jbatch","source","cvignola","RESOLVED","FIXED","5.2.6.1 Partition Plan incomplete XML","2013-01-31 19:06:10"
4607,"jbatch","source","cvignola","RESOLVED","FIXED","5.2.6.2 Partition Properties","2013-01-31 19:39:01"
4608,"jbatch","source","cvignola","RESOLVED","FIXED","5.2.6.3 Partition Mapper","2013-01-31 19:45:51"
4609,"jbatch","source","cvignola","RESOLVED","FIXED","5.2.6.3.1 Mapper Properties","2013-01-31 20:01:27"
4610,"jbatch","source","cvignola","RESOLVED","FIXED","5.3 Flow","2013-01-31 20:52:59"
4611,"jbatch","source","cvignola","RESOLVED","FIXED","5.4 Split","2013-02-01 20:34:41"
4612,"jbatch","source","cvignola","RESOLVED","FIXED","5.5 Batch and Exit Status","2013-02-01 22:36:22"
4613,"jbatch","source","cvignola","RESOLVED","FIXED","5.5.1.2 End Element","2013-02-01 22:45:22"
4614,"jbatch","source","cvignola","RESOLVED","FIXED","5.6 Decision","2013-02-01 22:53:48"
4615,"jbatch","source","cvignola","RESOLVED","FIXED","5.6.1 Fail Element","2013-02-01 23:00:48"
4616,"jbatch","source","cvignola","RESOLVED","FIXED","5.6.2 End Element","2013-01-31 18:42:00"
4617,"jbatch","source","cvignola","RESOLVED","FIXED","5.6.3 Stop Element","2013-01-31 19:07:30"
4618,"jbatch","source","cvignola","RESOLVED","FIXED","5.6.4 Next Element","2013-01-31 19:40:57"
4619,"jbatch","source","cvignola","RESOLVED","FIXED","5.7 Job XML Substitution","2013-01-31 19:52:48"
4620,"jbatch","source","cvignola","RESOLVED","FIXED","6.1.1.2 ItemProcessor Interface","2013-01-31 20:49:04"
4621,"jbatch","source","cvignola","RESOLVED","FIXED","6.2.2 StepListener Interface","2013-01-31 20:59:14"
4622,"jbatch","source","cvignola","RESOLVED","FIXED","6.7 Transactionality","2013-02-01 20:37:49"
4623,"jbatch","source","cvignola","RESOLVED","FIXED","7.3 JobOperator","2013-02-01 22:37:32"
4624,"jbatch","source","cvignola","RESOLVED","FIXED","7.4 Batch Artifact Loading","2013-02-01 22:47:39"
4625,"jbatch","source","cvignola","RESOLVED","FIXED","7.5 Job XML Loading","2013-02-01 22:55:46"
4626,"jbatch","source","cvignola","RESOLVED","FIXED","7.6.1 META-INF/batch.xml","2013-01-31 18:31:55"
4627,"jbatch","source","cvignola","RESOLVED","FIXED","7.6.2 META-INF/batch-jobs","2013-01-31 18:51:43"
4634,"jbatch","source","cvignola","RESOLVED","WORKSFORME","support subclass of java.lang.Throwable in all ExceptionClassFilter elements","2013-01-31 19:01:14"
4641,"jbatch","source","cvignola","RESOLVED","FIXED","Page 8 Stop Processing has text in TOC","2013-02-22 17:59:53"
4642,"jbatch","source","cvignola","RESOLVED","FIXED","Clarify include/exclude for skip/retry and also rollback vs no-rollback retry exceptions in JSL","2013-02-28 21:45:15"
4643,"jbatch","source","cvignola","RESOLVED","FIXED","OK if flow and split do not contain 'next, stop, end, fail' child elements?","2013-03-20 03:25:49"
4644,"jbatch","source","cvignola","RESOLVED","INVALID","StepStatus not defined;  ordering not defined on array parm:  public String decide(StepStatus[] statuses)","2013-03-01 13:57:21"
4645,"jbatch","source","cvignola","RESOLVED","FIXED","Decider Javadoc language on exitStatus is misleading","2013-03-01 14:34:40"
4647,"jbatch","source","cvignola","RESOLVED","FIXED","More detail on JobStartException / JobRestartException?  Job - abstract / restartable","2013-03-01 18:23:33"
4648,"jbatch","source","cvignola","RESOLVED","FIXED","Do chunk ItemXXXXListener onXXXXError get called for skip/retried exceptions?","2013-03-01 18:45:56"
4654,"jbatch","source","cvignola","RESOLVED","FIXED","pkg-qualify @Inject at least once in spec","2013-02-08 19:09:56"
4655,"jbatch","source","cvignola","RESOLVED","FIXED","clarify that @Inject is required for BatchProperty, BatchContext (though CDI, or a particular injection is not).","2013-02-08 19:52:28"
4659,"jbatch","source","cvignola","RESOLVED","WORKSFORME","JobOperator.getParameters should throw NoSuchJobInstanceException, not NoSuchJobExecutionException","2013-03-01 18:14:28"
4660,"jbatch","source","cvignola","RESOLVED","FIXED","Implications of Sec 8.* pseudocode don't match rest of spec - property substitution, persistent userdata","2013-02-09 00:02:27"
4665,"jbatch","source","cvignola","RESOLVED","FIXED","Remove property save-as","2013-02-08 23:28:44"
4670,"jbatch","source","cvignola","RESOLVED","FIXED","unknown executable elements in the job.xml","2013-02-28 22:21:39"
4672,"jbatch","source","cvignola","RESOLVED","FIXED","SPEC: How to identify the first job element.","2013-02-28 22:47:13"
4676,"jbatch","source","cvignola","RESOLVED","FIXED","executable elements id scope","2013-03-01 14:11:38"
4679,"jbatch","source","cvignola","RESOLVED","FIXED","The persistent user data in a Step Execution should extend Externalizable","2013-03-01 13:26:10"
4687,"jbatch","source","cvignola","RESOLVED","FIXED","JobOperator.abandon should throw NoSuchJobExecutionException, not NoSuchJobInstanceException","2013-02-28 22:54:19"
4688,"jbatch","source","cvignola","RESOLVED","FIXED","PartitionAnalyzer.analyzeStatus could use BatchStatus enum as parm type for 'batchStatus' parm, not String","2013-02-28 16:44:40"
4715,"jbatch","source","cvignola","RESOLVED","FIXED","Do we want to have restart parameters applied as overrides?","2013-02-28 19:53:19"
4726,"jbatch","source","cvignola","RESOLVED","FIXED","Change Metric interface enum values to conform to Java convention.","2013-04-09 15:19:23"
4740,"jbatch","source","cvignola","RESOLVED","FIXED","SPEC - Clarity around checkpoint configuration verbiage","2013-03-11 15:56:48"
4741,"jbatch","source","cvignola","RESOLVED","MOVED","SPEC - merge attribute sometime on lists and sometimes on element of lists","2013-03-13 00:28:21"
4742,"jbatch","source","cvignola","RESOLVED","WORKSFORME","SPEC - next attribute is not always optional on a step element","2013-03-11 14:50:18"
4743,"jbatch","source","cvignola","RESOLVED","FIXED","SPEC - Refer to where the checkpoint-algorithm is defined","2013-03-16 21:17:00"
4744,"jbatch","source","cvignola","RESOLVED","WONTFIX","SPEC - time-limit needs a unit of measure","2013-03-20 03:07:52"
4745,"jbatch","source","cvignola","RESOLVED","MOVED","SPEC - merge default","2013-03-13 00:29:44"
4746,"jbatch","source","cvignola","RESOLVED","FIXED","SPEC - Verbiage about when artifacts are created is still present","2013-03-11 14:14:15"
4747,"jbatch","source","cvignola","RESOLVED","FIXED","SPEC - Verbiage about partition reducer is confusing","2013-03-08 22:23:12"
4748,"jbatch","source","cvignola","RESOLVED","FIXED","SPEC - Partition Collector","2013-03-11 21:00:38"
4749,"jbatch","source","cvignola","RESOLVED","MOVED","SPEC - Decision availability","2013-03-20 03:18:13"
4750,"jbatch","source","cvignola","RESOLVED","FIXED","SPEC - Incorrect statement in 8.6","2013-03-11 15:53:53"
4751,"jbatch","source","cvignola","RESOLVED","WONTFIX","SPEC - 8.6.1 decision id should be included","2013-03-20 03:00:21"
4752,"jbatch","source","cvignola","RESOLVED","FIXED","SPEC - STOPPING batch status is defined incorrectly","2013-03-11 14:46:02"
4753,"jbatch","source","cvignola","RESOLVED","FIXED","SPEC - Missing reference in section 8.7.1","2013-03-11 16:04:05"
4754,"jbatch","source","cvignola","RESOLVED","MOVED","SPEC - Does not define how the ABANDONED batch status on a step works","2013-03-20 02:22:25"
4755,"jbatch","source","cvignola","RESOLVED","FIXED","SPEC - Exit Status for Partitioned Steps is incorrect","2013-03-20 14:02:15"
4756,"jbatch","source","cvignola","RESOLVED","FIXED","SPEC - Property misspelling.","2013-03-11 15:19:05"
4757,"jbatch","source","cvignola","RESOLVED","FIXED","SPEC - jobProperties Substitution Operator clarification","2013-03-11 14:21:06"
4759,"jbatch","source","cvignola","RESOLVED","FIXED","What does StepExecution.getStepContainment() return for direct children of job","2013-03-11 14:30:33"
4762,"jbatch","source","cvignola","RESOLVED","WONTFIX","SPEC - Property resolution","2013-03-16 21:07:13"
4763,"jbatch","source","cvignola","RESOLVED","WORKSFORME","SPEC - Parameter substitution syntax","2013-03-13 00:04:15"
4764,"jbatch","source","cvignola","RESOLVED","WONTFIX","SPEC - ItemReader Javadoc Issues","2013-03-20 02:34:49"
4765,"jbatch","source","cvignola","RESOLVED","FIXED","SPEC - ItemProcessor documentation issue","2013-03-20 02:45:05"
4766,"jbatch","source","cvignola","RESOLVED","WONTFIX","SPEC - ItemWriter javadoc issues","2013-03-20 02:46:45"
4767,"jbatch","source","cvignola","RESOLVED","WORKSFORME","SPEC - Checkpoint Algorithm interface issues","2013-03-11 19:55:36"
4768,"jbatch","source","cvignola","RESOLVED","FIXED","SPEC - Batchlet.stop clarification","2013-03-20 03:30:44"
4770,"jbatch","source","cvignola","RESOLVED","FIXED","SPEC - ChunkListener.onError clarification","2013-03-20 03:51:46"
4772,"jbatch","source","cvignola","RESOLVED","FIXED","SPEC - Grammer in Batch Artifact Loading","2013-03-16 20:50:14"
4773,"jbatch","source","cvignola","RESOLVED","FIXED","SPEC - Thread Context Class Loader should be bullet 3","2013-03-12 18:59:51"
4774,"jbatch","source","cvignola","RESOLVED","INVALID","SPEC - batch.xml schema","2013-03-12 16:05:24"
4775,"jbatch","source","cvignola","RESOLVED","FIXED","SPEC - 10.8 is incomplete","2013-03-20 19:16:34"
4776,"jbatch","source","cvignola","RESOLVED","WONTFIX","SPEC - TransientUserData should be a key/value pair.","2014-02-25 03:43:08"
4777,"jbatch","source","cvignola","RESOLVED","MOVED","SPEC - Ability to retrieve JobExecution straight from the JobContext","2013-03-16 21:09:41"
4778,"jbatch","source","cvignola","RESOLVED","FIXED","SPEC - Pull out BatchStatus from the JobOperator interface","2013-03-20 02:01:27"
4779,"jbatch","source","cvignola","RESOLVED","FIXED","SPEC - JobInstance id vs instance id","2013-03-20 03:57:29"
4780,"jbatch","source","cvignola","RESOLVED","FIXED","SPEC - The spec should not limit artifact reuse","2013-03-20 03:05:49"
4781,"jbatch","source","cvignola","RESOLVED","FIXED","SPEC - JobInstance and JobExecution creation","2013-03-20 03:36:40"
4782,"jbatch","source","cvignola","RESOLVED","FIXED","SPEC - Id uniqueness is incorrect","2013-03-20 03:13:18"
4784,"jbatch","source","cvignola","RESOLVED","DUPLICATE","SPEC - Revisit Bug 4755 - exit status default in partitioned steps","2013-03-20 14:02:15"
4786,"jbatch","source","cvignola","RESOLVED","INVALID","SPEC - Sync up Partitin Plan JSL and Java Object","2013-03-12 16:41:30"
4787,"jbatch","source","cvignola","RESOLVED","WORKSFORME","SPEC - Sync up Partition Plan JSL and Java Object","2013-03-12 19:00:09"
4791,"jbatch","source","cvignola","RESOLVED","FIXED","SPEC - Should we refine the StepExecution<?> parameter reference ?","2013-03-20 16:21:11"
4792,"jbatch","source","cvignola","RESOLVED","FIXED","SPEC - Does @BatchProperty need its own definition","2013-03-20 14:03:32"
4794,"jbatch","source","cvignola","RESOLVED","FIXED","TCK: add version number and root dir to tck zip","2013-03-19 02:35:39"
4795,"jbatch","source","cvignola","RESOLVED","FIXED","RI: add version number to xml schemas","2013-03-19 02:36:01"
4797,"jbatch","source","cvignola","RESOLVED","FIXED","BatchRuntime.getJobOperator should return the same instance when called repeatedly","2013-03-16 21:22:30"
4799,"jbatch","source","cvignola","RESOLVED","WONTFIX","Untested functionality in TCK","2013-08-28 21:29:07"
4800,"jbatch","source","cvignola","RESOLVED","FIXED","Code notes from the TCK","2013-03-19 02:32:43"
4803,"jbatch","source","cvignola","RESOLVED","WONTFIX","Should we lose <properties> and <listeners> elements?","2013-03-16 21:43:39"
4804,"jbatch","source","cvignola","RESOLVED","INVALID","Split-level flow (child of split) transitions are invalid","2013-03-18 17:34:38"
4811,"jbatch","source","cvignola","RESOLVED","FIXED","TCK add sig file for Java SE 6","2013-03-20 17:26:16"
4812,"jbatch","TCK","cvignola","RESOLVED","MOVED","TCK automate signature test run","2015-09-03 13:12:37"
4813,"jbatch","RI","cvignola","RESOLVED","FIXED","RI: JobExecution  returned by jobOperator.getJobExecutions(jobInstance) return null jobName","2013-08-28 22:02:24"
4818,"jbatch","TCK","cvignola","RESOLVED","FIXED","TCK property jsr352.impl.runtime not sufficient","2013-08-28 22:04:31"
4826,"jbatch","source","cvignola","RESOLVED","FIXED","SPEC - StepExecution.getUserPersistentData() vs StepContext.getPersistentUserData()","2013-08-28 18:40:21"
4827,"jbatch","SPEC","cvignola","RESOLVED","FIXED","SPEC: Misspoke on collector role on exit status","2015-09-03 20:37:26"
4828,"jbatch","SPEC","cvignola","RESOLVED","WORKSFORME","SPEC - 8.5.2 Decision exception handling is confusing","2014-01-08 15:42:44"
4829,"jbatch","source","cvignola","RESOLVED","FIXED","SPEC - add BatchException as common base class","2013-08-28 21:24:21"
4830,"jbatch","SPEC","cvignola","RESOLVED","FIXED","8.6.1 Transition Next Element","2015-05-22 14:00:45"
4833,"jbatch","source","cvignola","RESOLVED","WONTFIX","SPEC -transition elements and/or next attribute","2013-08-28 22:08:24"
4849,"jbatch","source","cvignola","RESOLVED","FIXED","no package summary for javax.batch.*","2013-08-28 14:52:05"
4865,"jbatch","SPEC","cvignola","RESOLVED","FIXED","SPEC Partition Plan example confusing","2015-09-03 21:23:14"
4866,"jbatch","SPEC","cvignola","RESOLVED","FIXED","SPEC Partition Properties example has a invalid </properties> tag","2015-09-03 16:26:39"
4887,"jbatch","source","cvignola","RESOLVED","FIXED","Exception When Using Null Parameter Lists","2013-08-28 15:02:10"
4962,"jbatch","source","cvignola","RESOLVED","FIXED","metadata of javax.batch-api does not comply with https://wikis.oracle.com/display/GlassFish/Maven+Versioning+Rules","2013-08-28 14:51:32"
5218,"jbatch","source","cvignola","RESOLVED","WONTFIX","Add generics where it makes sense","2013-08-28 14:46:00"
5315,"jbatch","RI","cvignola","RESOLVED","MOVED","Broken PostgreSQL Support in SE mode","2015-09-01 20:51:17"
4702,"jbatch","source","ScottKurz","RESOLVED","FIXED","TCK ChunkTests issues","2013-08-29 14:46:55"
4705,"jbatch","source","ScottKurz","RESOLVED","WONTFIX","TCK ContextGetIdTests issues","2013-03-18 06:17:39"
4706,"jbatch","source","ScottKurz","RESOLVED","WONTFIX","TCK ExecutionTests issues","2013-08-29 14:25:08"
4707,"jbatch","source","ScottKurz","RESOLVED","FIXED","TCK FlowTransitioningTests issues","2013-08-29 16:49:21"
4708,"jbatch","source","ScottKurz","RESOLVED","FIXED","TCK JobAttributeAbstractTests Issues","2013-03-18 06:16:38"
4709,"jbatch","source","ScottKurz","RESOLVED","FIXED","TCK JobExecutableSequenceTests Issues","2013-08-28 21:53:09"
4710,"jbatch","SPEC","ScottKurz","RESOLVED","DUPLICATE","Consider clarifying that JobContext/StepContext may contain implementation-specific properties other than JSL properties.","2014-01-07 18:54:10"
4711,"jbatch","source","ScottKurz","RESOLVED","FIXED","TCK JobOperatorTests Issues","2013-03-18 19:38:16"
4712,"jbatch","source","ScottKurz","RESOLVED","WONTFIX","TCK ParallelExecutionTests Issues","2013-09-06 19:19:42"
4713,"jbatch","source","ScottKurz","RESOLVED","WONTFIX","TCK TransactionTests Issues","2013-08-29 16:44:37"
4714,"jbatch","source","ScottKurz","RESOLVED","WONTFIX","TCK does not validate artifact creation behavior","2013-08-28 21:49:02"
4724,"jbatch","source","ScottKurz","RESOLVED","FIXED","SPEC: Remove listeners from split and flow elements in jsl xsd","2013-03-01 19:42:27"
4733,"jbatch","RI","ScottKurz","RESOLVED","FIXED","RI ItemProcessor need to be optional, throws NPE","2013-08-28 21:32:05"
4734,"jbatch","source","ScottKurz","RESOLVED","FIXED","RI maven sources.jar is empty","2013-03-11 18:42:43"
4991,"jbatch","SPEC","ScottKurz","RESOLVED","WONTFIX","Add Java Based JSL","2016-03-17 17:13:06"
5164,"jbatch","TCK","ScottKurz","RESOLVED","FIXED","JobContext.getExecutionId() returns wrong value (an internal value) when invoked on a partition thread.","2015-10-06 16:38:16"
5335,"jbatch","TCK","ScottKurz","RESOLVED","FIXED","Metrics timestamp assertions should be loosened with a precision buffer","2013-11-05 19:05:26"
5370,"jbatch","SPEC","ScottKurz","RESOLVED","FIXED","Spec is unclear whether JobOperator methods may/must execute synchronously or not (with TCK implications)","2015-09-03 21:07:38"
5371,"jbatch","TCK","ScottKurz","RESOLVED","FIXED","JobOperatorTests#testAbandoned() assumes earlier JobExecution instance will reflect subsequent status changes","2013-11-05 19:05:28"
5372,"jbatch","TCK","ScottKurz","RESOLVED","MOVED","Evaluation order of multiple transition elements","2016-03-17 16:10:38"
5373,"jbatch","TCK","ScottKurz","RESOLVED","MOVED","Co-existence of transition elements with @next attribute PLUS behavior if no transition element @on is matched","2016-03-17 16:12:16"
5374,"jbatch","TCK","ScottKurz","RESOLVED","MOVED","Details of exception handling (by container)","2016-03-17 16:39:39"
5375,"jbatch","SPEC","ScottKurz","RESOLVED","FIXED","Spec contradicts itself when talking about uninitialized exit status (TCK assumes 'null')","2015-09-03 16:35:29"
5379,"jbatch","SPEC","ScottKurz","RESOLVED","FIXED","TCK ExecutionTests.testInvokeJobChunkWithFullAttributes challenge:  SB wants to fail JSL","2013-11-06 20:10:27"
5385,"jbatch","TCK","ScottKurz","RESOLVED","FIXED","TCK tests (DeciderTests#testDeciderCannotbeFirstElementOnStart, etc. ) do not properly support either JobStartException or execution with FAILED","2013-11-05 19:05:27"
5389,"jbatch","SPEC","ScottKurz","RESOLVED","FIXED","In Sec. 10.7.1, should we have said we require a ""no-arg"" explicit or implicit constructor rather than a ""default constructor""","2015-09-03 14:58:17"
5401,"jbatch","TCK","ScottKurz","RESOLVED","MOVED","Clean up assertion messages","2015-09-03 13:15:17"
5403,"jbatch","TCK","ScottKurz","RESOLVED","MOVED","Spec unclear on skipping part of an Exception hierarchy","2016-03-17 17:10:55"
5407,"jbatch","RI","ScottKurz","RESOLVED","FIXED","JobThreadRootControllerImpl throws NPE on transitioner when partitioned batchlet stopped","2015-09-01 21:28:59"
5412,"jbatch","TCK","ScottKurz","RESOLVED","FIXED","DeciderTests#testDeciderExitStatusIsSetOnJobContext and step looping","2014-01-03 03:47:20"
5431,"jbatch","TCK","ScottKurz","RESOLVED","FIXED","ItemProcessListener#onProcessError has javadoc from ItemProcessListener#afterProcess","2015-10-22 02:07:50"
5490,"jbatch","SPEC","ScottKurz","RESOLVED","FIXED","Clarify JobContext/StepContext properties;  fix TCK to not depend on writable Properties","2015-09-03 21:22:51"
5498,"jbatch","SPEC","ScottKurz","RESOLVED","FIXED","Add ""mark FAILED"" to BatchStatus state transitions","2015-09-03 20:57:26"
5533,"jbatch","SPEC","ScottKurz","RESOLVED","FIXED","stop/end/fail exit-status should affect job exit status, not step (as claimed in spec).","2015-09-03 21:24:32"
5583,"jbatch","SPEC","ScottKurz","RESOLVED","FIXED","CheckpointAlgorithm needs to specify timeunit (seconds) and other javadoc fixes","2015-09-03 17:42:26"
5597,"jbatch","TCK","ScottKurz","RESOLVED","FIXED","BatchletRestartStateMachineTests#testAllowStartIfCompleteRestartExecution  off-by-1 error omits test clause","2014-01-03 03:38:16"
5602,"jbatch","RI","ScottKurz","RESOLVED","FIXED","BatchStatus in JobStatus should be always initialised","2015-09-03 16:11:56"
5614,"jbatch","TCK","ScottKurz","RESOLVED","FIXED","TCK expects JobExecution to be updated as job runs","2014-01-03 03:42:22"
5655,"jbatch","TCK","ScottKurz","RESOLVED","MOVED","ChunkTests for skipping writes don't go far enough","2015-09-03 14:24:51"
5675,"jbatch","RI","ScottKurz","RESOLVED","FIXED","Metric values are 0 when batch runs in a partition","2015-09-01 21:05:52"
5690,"jbatch","SPEC","ScottKurz","RESOLVED","FIXED","Flow/Split transitioning & termination not fully defined","2015-09-03 20:56:26"
5691,"jbatch","TCK","ScottKurz","RESOLVED","MOVED","""Looping"" should be clarified?","2016-03-17 19:48:12"
5746,"jbatch","TCK","ScottKurz","RESOLVED","MOVED","@Inject @BatchProperty should work for job level properties","2017-04-08 08:25:33"
5748,"jbatch","RI","ScottKurz","RESOLVED","FIXED","#{jobProperties} property resolution unavailable within JSL partition","2015-09-01 20:45:50"
5752,"jbatch","RI","ScottKurz","RESOLVED","FIXED","Weld reinitializes for every bean lookup","2015-09-01 20:48:31"
5780,"jbatch","TCK","ScottKurz","RESOLVED","MOVED","Spec should clarify StepExecution values passed to Decider on a restart","2016-03-17 19:51:24"
5784,"jbatch","SPEC","ScottKurz","RESOLVED","WONTFIX","Consider declaring StepExecution/JobExecution/Metric to implements Serializable in future?","2016-03-09 22:18:19"
5806,"jbatch","RI","ScottKurz","RESOLVED","FIXED","JobExecution returned by jobOperator.getJobExecutions(jobInstance) has null parameters","2015-09-01 21:00:06"
5833,"jbatch","TCK","ScottKurz","RESOLVED","FIXED","Ant build does not properly set exit code on failure","2015-09-03 14:14:24"
5834,"jbatch","TCK","ScottKurz","RESOLVED","MOVED","deploy tcks on central","2015-09-02 19:59:26"
5873,"jbatch","TCK","ScottKurz","RESOLVED","MOVED","Clarify when CheckpointAlgorithm#beginCheckpoint is invoked","2016-03-17 19:52:03"
5875,"jbatch","TCK","ScottKurz","RESOLVED","MOVED","When the first readItem() in a chunk return 'null', is this a zero-item chunk or is this not a new chunk after all?","2016-03-17 19:52:38"
5878,"jbatch","TCK","ScottKurz","RESOLVED","MOVED","Tests needed for property injection (see Bug 5746)","2015-09-03 14:26:54"
5879,"jbatch","TCK","ScottKurz","RESOLVED","MOVED","Tests needed for include/exclude exceptions in hierarchy for skip/retry (See Bug 5403)","2015-09-03 14:27:24"
5911,"jbatch","SPEC","ScottKurz","RESOLVED","FIXED","Clarify partition restart processing, PartitionPlan properties, and persistent user data for partitioned steps.","2015-09-03 16:25:22"
5919,"jbatch","TCK","ScottKurz","RESOLVED","MOVED","Spec doesn't fully describe PartitionPlan override and the use of PartitionMapper","2016-03-17 19:53:58"
6155,"jbatch","TCK","ScottKurz","RESOLVED","FIXED","ExternalizableString requires a no-args constructor","2015-09-03 15:39:45"
6259,"jbatch","RI","ScottKurz","RESOLVED","FIXED","Exception in ChunkStepControllerImpl causes rollback of subsequent step/job status","2014-10-07 14:50:08"
6415,"jbatch","RI","ScottKurz","RESOLVED","FIXED","SkipHandler Logging to System.out","2015-09-01 21:29:49"
6420,"jbatch","RI","ScottKurz","RESOLVED","FIXED","Partition Plan won't work when inside a split","2015-09-01 20:15:41"
6424,"jbatch","RI","ScottKurz","RESOLVED","WONTFIX","jbatch does not work within a OSGi war and ejb in Glassfish","2014-11-17 09:47:03"
6426,"jbatch","RI","ScottKurz","RESOLVED","FIXED","Stop during a partitioned step blows up if some partitions are already complete (leaving others still executing)","2015-09-01 21:27:13"
6494,"jbatch","SPEC","ScottKurz","RESOLVED","FIXED","For partitioned steps, allow-start-if-complete=true does not result in re-running the partitions","2016-04-20 15:21:42"
6742,"jbatch","RI","ScottKurz","RESOLVED","FIXED","Stopping a Chunk causes IllegalStateException","2015-09-03 16:04:27"
6830,"jbatch","RI","ScottKurz","RESOLVED","WORKSFORME","ChunkListener.onError() method not invoked before retry rollback","2015-05-14 13:55:49"
7287,"jbatch","SPEC","ScottKurz","RESOLVED","WONTFIX","Add a HTTP API on top of JobOperator","2016-03-16 14:43:14"
7292,"jbatch","SPEC","ScottKurz","RESOLVED","WONTFIX","chains support","2016-03-16 14:20:39"
7514,"jbatch","RI","ScottKurz","RESOLVED","MOVED","BatchJobUtils#purgeOwnedRepositoryData(String tagName) throws unexpected exception","2016-02-03 14:44:00"
115857,"jbatch","source","ScottKurz","RESOLVED","INVALID","a good behavier +1-855 880-8488 What is the Number for delta Airlines","2016-10-06 17:59:37"
209338,"jbatch","source","ScottKurz","RESOLVED","INVALID","बाहर निकल जाओ }{cALIFORNIA}{ 855 [755]] 0044 ''teXAS'' sUPPORT fOR qUICKBOOKS eNTERPRISE tOLL fREE pHONE nUMBER USA 2017 uPGRADE NUMBER INTUIT QUICKBOOKS PAYROLL APPLICITION","2017-04-05 20:07:51"
479618,"jbatch","source","ScottKurz","RESOLVED","INVALID","BOBLEE__1+888_809-3891+++==Charter technical support contact number,__1+888_809-3891+++==","2017-04-05 20:07:32"
4385,"jbatch","source","cvignola","CLOSED","FIXED","Spec must specify the effect of throwing Exceptions from Listeners","2013-01-16 15:17:47"
4304,"jbatch","source","chrisschaefer","CLOSED","FIXED","Requirement to use @Named?","2013-01-16 17:44:21"
3472,"jbatch","source","cvignola","CLOSED","FIXED","Link to ANSI/ISA S88 Batch Standard seems to be broken","2013-01-16 18:14:22"
3473,"jbatch","source","cvignola","CLOSED","FIXED","Missing Mailing List for public discussion","2013-01-16 17:52:51"
4051,"jbatch","source","cvignola","CLOSED","FIXED","How to get StepExecution","2013-01-16 23:09:26"
4085,"jbatch","source","cvignola","CLOSED","FIXED","Missing spec detail on problematic inheritance cases","2013-01-16 18:29:36"
4091,"jbatch","source","cvignola","CLOSED","FIXED","JobOperator missing 'abandon' operation","2013-01-16 18:39:36"
4092,"jbatch","source","cvignola","CLOSED","FIXED","Exit status globbing tweaks suggested","2013-01-16 23:03:41"
4098,"jbatch","source","cvignola","CLOSED","FIXED","More detail needed on execution sequence during restart","2013-01-16 17:45:42"
4110,"jbatch","source","cvignola","CLOSED","FIXED","Clarify at what point the JobOperator.stop returns (and maybe start/restart?)","2013-01-16 23:04:52"
4111,"jbatch","source","cvignola","CLOSED","FIXED","spec should point out that you can't repeat steps/splits/flows within a single job execution","2013-01-16 23:05:05"
4113,"jbatch","source","cvignola","CLOSED","FIXED","JobOperator checked exceptions should be fully defined in Sec. 7.10","2013-01-16 23:05:22"
4115,"jbatch","source","cvignola","CLOSED","FIXED","Spec should mention chunk loops ends when reader returns null","2013-01-16 23:05:48"
4117,"jbatch","source","cvignola","CLOSED","FIXED","LogicalTx* in RI and namespace","2013-01-16 23:01:40"
4118,"jbatch","source","cvignola","CLOSED","FIXED","For Sec. 5.2.1 Chunk JSL, need to update ""Syntax"" to match the table descriptions:","2013-01-16 23:06:17"
4124,"jbatch","source","cvignola","CLOSED","FIXED","For global tran chunk step, are open/close performed in global tran?","2013-01-16 23:06:41"
4125,"jbatch","source","cvignola","CLOSED","FIXED","Do @AfterJob and @AfterStep run after job, step batch status / exit status have been hardened/persisted?","2013-01-16 23:07:07"
4135,"jbatch","source","cvignola","CLOSED","WONTFIX","The JobOperator interface in the RI is different than what's listed in the specification document.","2013-01-16 23:03:16"
4136,"jbatch","source","cvignola","CLOSED","FIXED","The RI use of batch.xml is not consistent with the specification document","2013-01-16 23:04:01"
4137,"jbatch","source","cvignola","CLOSED","FIXED","In the RI, the applyTo attribute in the chunk properties doesn't work as expected","2013-01-16 18:39:54"
4138,"jbatch","source","cvignola","CLOSED","FIXED","Processor shouldn't be a required attribute to a chunk type step","2013-01-16 23:09:03"
4139,"jbatch","source","cvignola","CLOSED","FIXED","It is not possible to provide my own implementation of BatchArtifactFactory when using the RI","2013-01-16 20:55:52"
4148,"jbatch","source","cvignola","CLOSED","FIXED","Interaction between retryable-exception-classes, no-rollback-exception-classes, and skippable-exception-classes","2013-01-16 23:05:34"
4149,"jbatch","source","cvignola","CLOSED","FIXED","XSD inconsistencies","2013-01-16 18:30:07"
4150,"jbatch","source","cvignola","CLOSED","FIXED","Difference between @OnRetryReadException and @OnRetryReadItem","2013-01-16 23:06:03"
4151,"jbatch","source","cvignola","CLOSED","WORKSFORME","spec questions on skippable exceptions:  write, runtime exceptions, exclude","2013-01-16 23:06:28"
4155,"jbatch","source","cvignola","CLOSED","FIXED","Do @AfterJob/@AfterStep etc. run for failed/stopped jobs, steps, etc. (on best-effort basis)?","2013-01-16 23:06:50"
4156,"jbatch","source","cvignola","CLOSED","FIXED","what does buffer-size=0 wording mean?","2013-01-16 23:08:48"
4157,"jbatch","source","cvignola","CLOSED","FIXED","CDI language should be removed from spec","2013-01-16 23:03:30"
4158,"jbatch","source","cvignola","CLOSED","FIXED","Job Repository not clearly defined in the spec","2013-01-16 23:04:15"
4159,"jbatch","source","cvignola","CLOSED","FIXED","Definition needed for ""item-time"" checkpoint policy (see email to issues list)","2013-01-16 23:04:38"
4160,"jbatch","source","cvignola","CLOSED","FIXED","checkpoint-policy configuration needs clarification (5.2.1)","2013-01-16 18:45:58"
4161,"jbatch","source","cvignola","CLOSED","FIXED","Clarification needed around retry (5.2.1.2.2)","2013-01-16 20:56:35"
4162,"jbatch","source","cvignola","CLOSED","FIXED","Clarification around property names","2013-01-16 20:58:24"
4163,"jbatch","source","cvignola","CLOSED","FIXED","Partition numbering is 1 based","2013-01-16 23:08:17"
4164,"jbatch","source","cvignola","CLOSED","FIXED","Clarifications with the Flow element (5.3)","2013-01-16 23:02:02"
4165,"jbatch","source","cvignola","CLOSED","FIXED","Inheritance clarifications (5.8)","2013-01-16 23:08:32"
4166,"jbatch","source","cvignola","CLOSED","FIXED","ItemReader annotation @Open shouldn't be required","2013-01-16 23:02:32"
4167,"jbatch","source","cvignola","CLOSED","FIXED","@CheckpointInfo clarification","2013-01-16 23:03:05"
4168,"jbatch","source","cvignola","CLOSED","FIXED","@Stop on a batchlet shouldn't be required.","2013-01-16 23:03:50"
4169,"jbatch","source","cvignola","CLOSED","FIXED","CheckpointListener clarification","2013-01-16 23:04:26"
4170,"jbatch","source","cvignola","CLOSED","FIXED","Parameter order of Listener API","2013-01-16 23:07:37"
4172,"jbatch","source","cvignola","CLOSED","FIXED","Parallelization clarifications","2013-01-16 20:56:53"
4173,"jbatch","source","cvignola","CLOSED","FIXED","Decider does not get context","2013-01-16 23:01:01"
4175,"jbatch","source","cvignola","CLOSED","FIXED","JobOperator interface incorrectly cited","2013-01-16 23:09:16"
4182,"jbatch","source","cvignola","CLOSED","WORKSFORME","The transient user data in a Job Context needs to be cloneable or serializable.","2013-01-16 23:02:17"
4183,"jbatch","source","cvignola","CLOSED","FIXED","There is no way to access the parent job context at the end of a Split","2013-01-16 23:02:50"
4197,"jbatch","source","cvignola","CLOSED","FIXED","issues with JobPath (Sec 7.5), should it be in the spec?","2013-01-16 23:09:39"
4198,"jbatch","source","cvignola","CLOSED","FIXED","use of JobOperatorFactory SPI unclear","2013-01-16 23:07:19"
4199,"jbatch","source","cvignola","CLOSED","FIXED","Use of batch.xml in JEE environment","2013-01-16 18:32:19"
4202,"jbatch","source","cvignola","CLOSED","FIXED","transaction text should say resources get auto-enlisted","2013-01-16 23:07:50"
4232,"jbatch","source","cvignola","CLOSED","FIXED","Clarification for onRetryProcessItem and onRetryWriteItems methods","2013-01-16 23:08:01"
4233,"jbatch","source","cvignola","CLOSED","FIXED","Step level properties shouldn't be available through Job Context","2013-01-16 20:57:44"
4234,"jbatch","source","cvignola","CLOSED","FIXED","Transitions within a split are not valid","2013-01-16 23:01:14"
4241,"jbatch","source","cvignola","CLOSED","FIXED","Clarify when the Batch Container guarantees global transaction mode sematics","2013-01-16 23:01:51"
4259,"jbatch","source","cvignola","CLOSED","FIXED","chunk properties naming","2013-01-16 17:49:20"
4265,"jbatch","source","cvignola","CLOSED","FIXED","Clarification of JobExecution","2013-01-16 16:15:42"
4266,"jbatch","source","cvignola","CLOSED","FIXED","Step's start-limit","2013-01-16 16:33:43"
4267,"jbatch","source","cvignola","CLOSED","INVALID","checkpoint-alghrithm is not defined by the spec","2013-01-16 15:53:19"
4268,"jbatch","source","cvignola","CLOSED","WONTFIX","commit-interval attribute unit","2013-01-16 17:25:29"
4269,"jbatch","source","cvignola","CLOSED","FIXED","buffer-size should be a boolean","2013-01-16 15:19:52"
4270,"jbatch","source","cvignola","CLOSED","FIXED","Step Sequence allows for looping","2013-01-16 17:04:54"
4271,"jbatch","source","cvignola","CLOSED","FIXED","planplan typo in section 5.2.6.1","2013-01-16 17:25:18"
4272,"jbatch","source","cvignola","CLOSED","FIXED","Nested flows should be supported","2013-01-16 15:27:11"
4273,"jbatch","source","cvignola","CLOSED","FIXED","Split Collector and analyzer should not be allowed","2013-01-16 15:36:04"
4274,"jbatch","source","cvignola","CLOSED","FIXED","Parallel step instances should not stop when another step fails","2013-01-16 16:07:20"
4275,"jbatch","source","cvignola","CLOSED","INVALID","Stop element inconsistent with other decision elements","2013-01-16 16:25:57"
4276,"jbatch","source","cvignola","CLOSED","FIXED","ItemReader and ItemWriter interface requires unnecessary methods","2013-01-16 15:18:33"
4277,"jbatch","source","cvignola","CLOSED","FIXED","CheckpointAlgorithm requires checkpointTimeout method","2013-01-16 15:57:54"
4278,"jbatch","source","cvignola","CLOSED","FIXED","Batchlet interface requires stop method","2013-01-16 16:17:50"
4280,"jbatch","source","cvignola","CLOSED","FIXED","Are the ChunkListener.beforeCheckpoint and afterCheckpoint methods necessary?","2013-01-16 15:29:17"
4281,"jbatch","source","cvignola","CLOSED","FIXED","Clarification needed around RetryListener methods","2013-01-16 17:48:54"
4282,"jbatch","source","cvignola","CLOSED","FIXED","Checkpoint and application updates should be in the same transaction","2013-01-16 16:15:21"
4283,"jbatch","source","cvignola","CLOSED","INVALID","TransactionManagerSPI is missing enlist (for enlisting checkpoint resources)","2013-01-16 15:28:15"
4286,"jbatch","source","cvignola","CLOSED","WONTFIX","Schema allows for an empty job","2013-01-16 15:27:25"
4288,"jbatch","source","cvignola","CLOSED","WORKSFORME","What does Batchlet.stop apply to?","2013-01-16 16:09:24"
4290,"jbatch","source","cvignola","CLOSED","FIXED","Typo in 4.2 Step","2013-01-16 15:24:05"
4291,"jbatch","source","cvignola","CLOSED","FIXED","4.5 ItemReader more details reference","2013-01-16 15:35:08"
4292,"jbatch","source","cvignola","CLOSED","FIXED","4.6 Item Writer more details reference","2013-01-16 17:54:32"
4293,"jbatch","source","cvignola","CLOSED","FIXED","4.7 Item Processor more details reference","2013-01-16 17:31:36"
4295,"jbatch","source","cvignola","CLOSED","FIXED","Typos in 5.2.6 Step Partitioning","2013-01-16 17:51:21"
4296,"jbatch","source","cvignola","CLOSED","FIXED","5.2.6.3 typo","2013-01-16 18:22:29"
4297,"jbatch","source","cvignola","CLOSED","FIXED","7.6.3 why StepContext implements Externalizable?","2013-01-16 15:31:09"
4298,"jbatch","source","cvignola","CLOSED","FIXED","5.4.1 Split Collection has references to wrong sections","2013-01-16 17:50:01"
4300,"jbatch","source","cvignola","CLOSED","FIXED","5.4.2 SplitAnalyzer references wrong section","2013-01-16 18:06:51"
4301,"jbatch","source","cvignola","CLOSED","FIXED","Typo in 5.6 xml attribute","2013-01-16 17:44:35"
4302,"jbatch","source","cvignola","CLOSED","FIXED","5.8 invalid closing xml tag","2013-01-16 17:48:06"
4303,"jbatch","source","cvignola","CLOSED","FIXED","Break RetryListener down into multiple interfaces?","2013-01-16 17:55:31"
4319,"jbatch","source","cvignola","CLOSED","FIXED","JobOperator does not provide a simple way to get the current JobExecution","2017-04-08 08:21:40"
4327,"jbatch","source","cvignola","CLOSED","FIXED","Remove InterruptedException from stop processing and require stop() on Batchlet.","2012-12-06 16:45:13"
4329,"jbatch","source","cvignola","CLOSED","FIXED","5.5.2 link to FlowContext","2013-01-16 17:33:15"
4330,"jbatch","source","cvignola","CLOSED","FIXED","5.5.3 link to SplitContext","2013-01-16 17:47:49"
4331,"jbatch","source","cvignola","CLOSED","FIXED","Formatting of rules in 5.8","2013-01-16 17:54:00"
4332,"jbatch","source","cvignola","CLOSED","FIXED","Typos in 6.1.1.1 javadoc","2013-01-16 17:28:32"
4333,"jbatch","source","cvignola","CLOSED","FIXED","6.1.1.3 missing javadoc","2013-01-16 17:46:42"
4334,"jbatch","source","cvignola","CLOSED","FIXED","6.2.4 typo","2013-01-16 17:50:21"
4335,"jbatch","source","cvignola","CLOSED","FIXED","Usage of ""Impl"" in class names","2012-12-06 16:46:52"
4336,"jbatch","source","cvignola","CLOSED","FIXED","6.4.1 JobContext reference","2013-01-16 17:45:56"
4337,"jbatch","source","cvignola","CLOSED","FIXED","6.5 typos","2013-01-16 17:49:39"
4338,"jbatch","source","cvignola","CLOSED","FIXED","6.5.1 reference to PartitionPlan","2013-01-16 18:21:22"
4339,"jbatch","source","cvignola","CLOSED","FIXED","7.2 typos","2013-01-16 17:45:11"
4340,"jbatch","source","cvignola","CLOSED","FIXED","7.6.2 missing javadoc","2013-01-16 17:48:22"
4341,"jbatch","source","cvignola","CLOSED","FIXED","7.6.6 metric names as enum rather than strings","2013-01-16 18:06:16"
4348,"jbatch","source","cvignola","CLOSED","FIXED","Do artifacts need no-arg constructor?","2013-01-16 16:28:44"
4349,"jbatch","source","cvignola","CLOSED","FIXED","Spec should be clear that properties are not ""inherited"" or visible from containing scopes in JSL","2013-01-16 17:05:57"
4350,"jbatch","source","cvignola","CLOSED","FIXED","Need any late-binding/late-resolution of JSL substitution properties","2013-01-16 16:09:57"
4351,"jbatch","source","cvignola","CLOSED","FIXED","BatchContext getBatchContexts() type parameterization shouldn't be <FlowContext>","2013-01-16 16:26:29"
4352,"jbatch","source","cvignola","CLOSED","INVALID","Any point to 7.6.8 BatchRuntime.getJobOperator()?","2013-01-16 15:34:52"
4353,"jbatch","source","cvignola","CLOSED","WONTFIX","Worth definining int-type properties?","2013-01-16 17:52:26"
4354,"jbatch","source","cvignola","CLOSED","FIXED","JSR352-defined exceptions use non-standard constructors, setCause()..why RuntimeException","2013-01-16 16:26:11"
4355,"jbatch","source","cvignola","CLOSED","FIXED","Is wording ""It must specify a valid XML boolean value"" specific enough?","2013-01-16 17:46:25"
4356,"jbatch","source","cvignola","CLOSED","WORKSFORME","Function of skipCount across restart","2013-01-16 15:58:10"
4357,"jbatch","source","cvignola","CLOSED","FIXED","Clarify that batch artifact explicitly setting exit status to 'null' or empty string preempts defaulting to batch status.","2013-01-16 17:21:03"
4363,"jbatch","source","cvignola","CLOSED","WORKSFORME","start-limit: on restart, start-limit applies only to actual re-execution of step or even step's decision logc","2013-01-16 15:29:30"
4364,"jbatch","source","cvignola","CLOSED","WORKSFORME","Interaction of start-limit and allow-start-if-complete","2013-01-16 15:55:28"
4365,"jbatch","source","cvignola","CLOSED","WORKSFORME","How is the completion of flows/splits persisted and treated on restart?","2013-01-16 18:20:38"
4366,"jbatch","source","cvignola","CLOSED","WORKSFORME","@BatchProperty only way to inject properties into an artifact?","2013-01-16 17:44:58"
4381,"jbatch","source","cvignola","CLOSED","FIXED","Job identifiers clarification","2013-01-16 15:41:25"
4382,"jbatch","source","cvignola","CLOSED","FIXED","Status parameter of PartitionReducer.afterPartitionedStepCompletion should be an enum","2013-01-16 17:56:21"
4383,"jbatch","source","cvignola","CLOSED","FIXED","Change JobOperator parameters from primitive types to Objects","2013-01-16 15:27:45"
4384,"jbatch","source","cvignola","CLOSED","WORKSFORME","{Job, Step, Chunk}Listeners don't receive enough information","2013-01-16 15:20:06"
4393,"jbatch","source","cvignola","CLOSED","WORKSFORME","Enough specified for step (and job) inheritance ?","2013-01-16 15:25:21"
4395,"jbatch","source","cvignola","CLOSED","FIXED","PartitionPlan interface should match JSL attributes","2013-01-16 16:35:48"
4447,"jbatch","source","cvignola","CLOSED","FIXED","Simplify the '?:' grammar and semantics (5.7)","2013-01-16 16:05:48"
4458,"jbatch","source","cvignola","CLOSED","WORKSFORME","PartitionPlan interface should only have getters","2013-01-16 15:23:13"
4474,"jbatch","source","cvignola","CLOSED","FIXED","Clarify if reader/processor/writer are stateful (and so the same instance is used within a step).","2013-01-16 17:47:00"
4497,"jbatch","source","cvignola","CLOSED","WONTFIX","EE","2013-01-16 17:52:12"
4285,"jbatch","source","mminella","CLOSED","FIXED","Transaction Mode Property and Transaction Management SPI should be left to the implementations","2013-01-16 17:55:58"
4287,"jbatch","source","mminella","CLOSED","WORKSFORME","Stop processing is not correct","2012-12-06 16:24:48"